﻿<?xml version="1.0" encoding="UTF-8" standalone="yes"?>
<addon id="plugin.video.stalker" name="IPTV Stalker-Exo" version="9.0.19" provider-name="Cookieboy/Soloman">
    <requires>
		<import addon="xbmc.python" version="2.14.0"/>
	</requires>
	<extension point="xbmc.python.pluginsource" library="addon.py">
		<provides>video</provides>
	</extension>
	<extension point="xbmc.service" library="server.py" start="startup" />
	<extension point="xbmc.addon.metadata">
		<platform>all</platform>
		<summary lang="en">IPTV Stalker-Exo</summary>
		<description lang="en">YES its here and its BIG...... IPTV Stalker Exo is the first ever FREE IPTV service that will stay forever. Credits go to cookieboy/soloman for all the hard work that has been put into this addon</description>
		<license>GNU General Public License, v2</license>
		<language></language>
		
	</extension>
</addon>